fund_name,as_of_date,security_name_report,ticker_guess,isin_guess,sector_raw,weight_pct,market_value_raw,fed_industry_name,fed_industry_id,gpr_beta,gpr_sentiment,mapping_confidence,mapping_rationale_short
iShares World ex U.S. Carbon Transition Readiness Aware Active ETF,2025-12-31,HSBC HOLDINGS PLC,HSBA,,Financials,1.87,4228836.96,Depository Institutions,depository_institutions,0.000594,0.004827,1.0,Automated sector mapping.
iShares World ex U.S. Carbon Transition Readiness Aware Active ETF,2025-12-31,ASTRAZENECA PLC,AZN,,Health Care,1.67,3786066.65,Healthcare,healthcare,0.000818,0.007934,1.0,Automated sector mapping.
iShares World ex U.S. Carbon Transition Readiness Aware Active ETF,2025-12-31,ASML HOLDING NV,ASML,,Information Technology,1.67,3777744.56,Computers,computers,0.007811,-0.00171,1.0,Automated sector mapping.
iShares World ex U.S. Carbon Transition Readiness Aware Active ETF,2025-12-31,IBERDROLA SA,IBE,,Utilities,1.37,3092238.0,Utilities,utilities,0.000639,0.00697,1.0,Automated sector mapping.
iShares World ex U.S. Carbon Transition Readiness Aware Active ETF,2025-12-31,CANADIAN IMPERIAL BANK OF COMMERCE,CM,,Financials,1.32,2990767.98,Depository Institutions,depository_institutions,0.000594,0.004827,1.0,Automated sector mapping.
iShares World ex U.S. Carbon Transition Readiness Aware Active ETF,2025-12-31,HITACHI LTD,6501,,Industrials,1.31,2961621.74,Machinery,machinery,-0.00916,-0.00254,1.0,Automated sector mapping.
iShares World ex U.S. Carbon Transition Readiness Aware Active ETF,2025-12-31,ALLIANZ,ALV,,Financials,1.31,2959492.44,Depository Institutions,depository_institutions,0.000594,0.004827,1.0,Automated sector mapping.
iShares World ex U.S. Carbon Transition Readiness Aware Active ETF,2025-12-31,SIEMENS N AG,SIE,,Industrials,1.18,2669947.53,Machinery,machinery,-0.00916,-0.00254,1.0,Automated sector mapping.
iShares World ex U.S. Carbon Transition Readiness Aware Active ETF,2025-12-31,SAP,SAP,,Information Technology,1.17,2640521.63,Computers,computers,0.007811,-0.00171,1.0,Automated sector mapping.
iShares World ex U.S. Carbon Transition Readiness Aware Active ETF,2025-12-31,SCHNEIDER ELECTRIC,SU,,Industrials,1.14,2589393.77,Machinery,machinery,-0.00916,-0.00254,1.0,Automated sector mapping.
iShares World ex U.S. Carbon Transition Readiness Aware Active ETF,2025-12-31,AIRBUS GROUP,AIR,,Industrials,1.05,2376943.99,Machinery,machinery,-0.00916,-0.00254,1.0,Automated sector mapping.
iShares World ex U.S. Carbon Transition Readiness Aware Active ETF,2025-12-31,BANK OF NOVA SCOTIA,BNS,,Financials,1.04,2359510.12,Depository Institutions,depository_institutions,0.000594,0.004827,1.0,Automated sector mapping.
iShares World ex U.S. Carbon Transition Readiness Aware Active ETF,2025-12-31,NESTLE SA,NESN,,Consumer Staples,1.01,2292380.06,Foodstuff,foodstuff,0.00683,0.001597,1.0,Automated sector mapping.
iShares World ex U.S. Carbon Transition Readiness Aware Active ETF,2025-12-31,COMMONWEALTH BANK OF AUSTRALIA,CBA,,Financials,0.98,2212834.78,Depository Institutions,depository_institutions,0.000594,0.004827,1.0,Automated sector mapping.
iShares World ex U.S. Carbon Transition Readiness Aware Active ETF,2025-12-31,CREDIT AGRICOLE SA,ACA,,Financials,0.94,2135629.45,Depository Institutions,depository_institutions,0.000594,0.004827,1.0,Automated sector mapping.
iShares World ex U.S. Carbon Transition Readiness Aware Active ETF,2025-12-31,ORKLA,ORK,,Consumer Staples,0.94,2134074.31,Foodstuff,foodstuff,0.00683,0.001597,1.0,Automated sector mapping.
iShares World ex U.S. Carbon Transition Readiness Aware Active ETF,2025-12-31,INTESA SANPAOLO,ISP,,Financials,0.94,2126341.37,Depository Institutions,depository_institutions,0.000594,0.004827,1.0,Automated sector mapping.
iShares World ex U.S. Carbon Transition Readiness Aware Active ETF,2025-12-31,WSP GLOBAL INC,WSP,,Industrials,0.94,2115434.15,Machinery,machinery,-0.00916,-0.00254,1.0,Automated sector mapping.
iShares World ex U.S. Carbon Transition Readiness Aware Active ETF,2025-12-31,SANOFI SA,SAN,,Health Care,0.93,2094176.26,Healthcare,healthcare,0.000818,0.007934,1.0,Automated sector mapping.
iShares World ex U.S. Carbon Transition Readiness Aware Active ETF,2025-12-31,AIA GROUP LTD,1299,,Financials,0.9,2036636.47,Depository Institutions,depository_institutions,0.000594,0.004827,1.0,Automated sector mapping.
iShares World ex U.S. Carbon Transition Readiness Aware Active ETF,2025-12-31,ENI,ENI,,Energy,0.89,2016688.73,Petroleum and Natural Gas,petroleum_and_natural_gas,-0.00204,0.002007,1.0,Automated sector mapping.
iShares World ex U.S. Carbon Transition Readiness Aware Active ETF,2025-12-31,LVMH,MC,,Consumer Discretionary,0.88,1999095.94,Consumer Discretionary,consumer_discretionary,-0.0113,0.000276,1.0,Automated sector mapping.
iShares World ex U.S. Carbon Transition Readiness Aware Active ETF,2025-12-31,EQT,EQT,,Financials,0.88,1981744.74,Depository Institutions,depository_institutions,0.000594,0.004827,1.0,Automated sector mapping.
iShares World ex U.S. Carbon Transition Readiness Aware Active ETF,2025-12-31,ROCHE HOLDING PAR AG,ROG,,Health Care,0.87,1977278.13,Healthcare,healthcare,0.000818,0.007934,1.0,Automated sector mapping.
iShares World ex U.S. Carbon Transition Readiness Aware Active ETF,2025-12-31,WESTPAC BANKING CORPORATION CORP,WBC,,Financials,0.87,1964688.27,Depository Institutions,depository_institutions,0.000594,0.004827,1.0,Automated sector mapping.
iShares World ex U.S. Carbon Transition Readiness Aware Active ETF,2025-12-31,WHEATON PRECIOUS METALS CORP,WPM,,Materials,0.84,1905360.54,Construction Materials,construction_materials,-0.00525,-0.01318,1.0,Automated sector mapping.
iShares World ex U.S. Carbon Transition Readiness Aware Active ETF,2025-12-31,TRANSURBAN GROUP STAPLED UNITS,TCL,,Industrials,0.84,1903488.62,Machinery,machinery,-0.00916,-0.00254,1.0,Automated sector mapping.
iShares World ex U.S. Carbon Transition Readiness Aware Active ETF,2025-12-31,ENGIE SA,ENGI,,Utilities,0.83,1869100.25,Utilities,utilities,0.000639,0.00697,1.0,Automated sector mapping.
iShares World ex U.S. Carbon Transition Readiness Aware Active ETF,2025-12-31,FRANCO NEVADA CORP,FNV,,Materials,0.82,1856605.47,Construction Materials,construction_materials,-0.00525,-0.01318,1.0,Automated sector mapping.
iShares World ex U.S. Carbon Transition Readiness Aware Active ETF,2025-12-31,SHELL PLC,SHEL,,Energy,0.81,1843492.44,Petroleum and Natural Gas,petroleum_and_natural_gas,-0.00204,0.002007,1.0,Automated sector mapping.
iShares World ex U.S. Carbon Transition Readiness Aware Active ETF,2025-12-31,ROYAL BANK OF CANADA,RY,,Financials,0.81,1842900.63,Depository Institutions,depository_institutions,0.000594,0.004827,1.0,Automated sector mapping.
iShares World ex U.S. Carbon Transition Readiness Aware Active ETF,2025-12-31,INDUSTRIA DE DISENO TEXTIL SA,ITX,,Consumer Discretionary,0.79,1784630.96,Consumer Discretionary,consumer_discretionary,-0.0113,0.000276,1.0,Automated sector mapping.
iShares World ex U.S. Carbon Transition Readiness Aware Active ETF,2025-12-31,MACQUARIE GROUP LTD DEF,MQG,,Financials,0.78,1768190.65,Depository Institutions,depository_institutions,0.000594,0.004827,1.0,Automated sector mapping.
iShares World ex U.S. Carbon Transition Readiness Aware Active ETF,2025-12-31,NATIONAL BANK OF CANADA,,,Financials,0.78,1767340.03,Depository Institutions,depository_institutions,0.000594,0.004827,1.0,Automated sector mapping.
iShares World ex U.S. Carbon Transition Readiness Aware Active ETF,2025-12-31,TOTALENERGIES,TTE,,Energy,0.73,1654454.98,Petroleum and Natural Gas,petroleum_and_natural_gas,-0.00204,0.002007,1.0,Automated sector mapping.
iShares World ex U.S. Carbon Transition Readiness Aware Active ETF,2025-12-31,NOVARTIS AG,NOVN,,Health Care,0.73,1640161.06,Healthcare,healthcare,0.000818,0.007934,1.0,Automated sector mapping.
iShares World ex U.S. Carbon Transition Readiness Aware Active ETF,2025-12-31,BRAMBLES LTD,BXB,,Industrials,0.72,1633532.67,Machinery,machinery,-0.00916,-0.00254,1.0,Automated sector mapping.
iShares World ex U.S. Carbon Transition Readiness Aware Active ETF,2025-12-31,FUJIFILM HOLDINGS CORP,4901,,Information Technology,0.71,1614984.85,Computers,computers,0.007811,-0.00171,1.0,Automated sector mapping.
iShares World ex U.S. Carbon Transition Readiness Aware Active ETF,2025-12-31,GEA GROUP AG,G1A,,Industrials,0.71,1613312.37,Machinery,machinery,-0.00916,-0.00254,1.0,Automated sector mapping.
iShares World ex U.S. Carbon Transition Readiness Aware Active ETF,2025-12-31,BANCO SANTANDER SA,SAN,,Financials,0.7,1587534.96,Depository Institutions,depository_institutions,0.000594,0.004827,1.0,Automated sector mapping.
iShares World ex U.S. Carbon Transition Readiness Aware Active ETF,2025-12-31,GLAXOSMITHKLINE,GSK,,Health Care,0.7,1578440.92,Healthcare,healthcare,0.000818,0.007934,1.0,Automated sector mapping.
iShares World ex U.S. Carbon Transition Readiness Aware Active ETF,2025-12-31,UBS GROUP AG,UBSG,,Financials,0.69,1551690.2,Depository Institutions,depository_institutions,0.000594,0.004827,1.0,Automated sector mapping.
iShares World ex U.S. Carbon Transition Readiness Aware Active ETF,2025-12-31,SUMITOMO MITSUI FINANCIAL GROUP IN,8316,,Financials,0.67,1514760.28,Depository Institutions,depository_institutions,0.000594,0.004827,1.0,Automated sector mapping.
iShares World ex U.S. Carbon Transition Readiness Aware Active ETF,2025-12-31,SIEMENS ENERGY N AG,ENR,,Industrials,0.67,1511465.0,Machinery,machinery,-0.00916,-0.00254,1.0,Automated sector mapping.
iShares World ex U.S. Carbon Transition Readiness Aware Active ETF,2025-12-31,ADVANTEST CORP,6857,,Information Technology,0.65,1478152.41,Computers,computers,0.007811,-0.00171,1.0,Automated sector mapping.
iShares World ex U.S. Carbon Transition Readiness Aware Active ETF,2025-12-31,SHOPIFY SUBORDINATE VOTING INC CLA,SHOP,,Information Technology,0.65,1474730.62,Computers,computers,0.007811,-0.00171,1.0,Automated sector mapping.
iShares World ex U.S. Carbon Transition Readiness Aware Active ETF,2025-12-31,DAIWA HOUSE INDUSTRY LTD,1925,,Real Estate,0.65,1472399.12,Real Estate,real_estate,-0.01994,-0.00039,1.0,Automated sector mapping.
iShares World ex U.S. Carbon Transition Readiness Aware Active ETF,2025-12-31,EDP ENERGIAS DE PORTUGAL SA,EDP,,Utilities,0.65,1465649.48,Utilities,utilities,0.000639,0.00697,1.0,Automated sector mapping.
iShares World ex U.S. Carbon Transition Readiness Aware Active ETF,2025-12-31,LOREAL SA,OR,,Consumer Staples,0.64,1456131.5,Foodstuff,foodstuff,0.00683,0.001597,1.0,Automated sector mapping.
iShares World ex U.S. Carbon Transition Readiness Aware Active ETF,2025-12-31,SWISS LIFE HOLDING AG,SLHN,,Financials,0.64,1453456.36,Depository Institutions,depository_institutions,0.000594,0.004827,1.0,Automated sector mapping.
iShares World ex U.S. Carbon Transition Readiness Aware Active ETF,2025-12-31,KAO CORP,4452,,Consumer Staples,0.63,1422001.34,Foodstuff,foodstuff,0.00683,0.001597,1.0,Automated sector mapping.
iShares World ex U.S. Carbon Transition Readiness Aware Active ETF,2025-12-31,BLK CSH FND TREASURY SL AGENCY,XTSLA,,Cash and/or Derivatives,0.63,1420000.0,Cash and/or Derivatives,cash_and/or_derivatives,0.0,0.0,0.0,Automated sector mapping.
iShares World ex U.S. Carbon Transition Readiness Aware Active ETF,2025-12-31,GIVAUDAN SA,GIVN,,Materials,0.62,1409693.91,Construction Materials,construction_materials,-0.00525,-0.01318,1.0,Automated sector mapping.
iShares World ex U.S. Carbon Transition Readiness Aware Active ETF,2025-12-31,LLOYDS BANKING GROUP PLC,LLOY,,Financials,0.62,1396719.4,Depository Institutions,depository_institutions,0.000594,0.004827,1.0,Automated sector mapping.
iShares World ex U.S. Carbon Transition Readiness Aware Active ETF,2025-12-31,PAN AMERICAN SILVER CORP,PAAS,,Materials,0.58,1309977.34,Construction Materials,construction_materials,-0.00525,-0.01318,1.0,Automated sector mapping.
iShares World ex U.S. Carbon Transition Readiness Aware Active ETF,2025-12-31,ASTELLAS PHARMA INC,4503,,Health Care,0.57,1299236.98,Healthcare,healthcare,0.000818,0.007934,1.0,Automated sector mapping.
iShares World ex U.S. Carbon Transition Readiness Aware Active ETF,2025-12-31,TOKYO ELECTRON LTD,8035,,Information Technology,0.57,1291830.68,Computers,computers,0.007811,-0.00171,1.0,Automated sector mapping.
iShares World ex U.S. Carbon Transition Readiness Aware Active ETF,2025-12-31,TELUS CORP,T,,Communication,0.57,1281272.17,Communication,communication,0.002999,-0.00474,1.0,Automated sector mapping.
iShares World ex U.S. Carbon Transition Readiness Aware Active ETF,2025-12-31,MANULIFE FINANCIAL CORP,MFC,,Financials,0.55,1236882.82,Depository Institutions,depository_institutions,0.000594,0.004827,1.0,Automated sector mapping.
iShares World ex U.S. Carbon Transition Readiness Aware Active ETF,2025-12-31,HERMES INTERNATIONAL,RMS,,Consumer Discretionary,0.55,1236122.72,Consumer Discretionary,consumer_discretionary,-0.0113,0.000276,1.0,Automated sector mapping.
iShares World ex U.S. Carbon Transition Readiness Aware Active ETF,2025-12-31,NOVO NORDISK CLASS B,NOVO B,,Health Care,0.54,1231424.85,Healthcare,healthcare,0.000818,0.007934,1.0,Automated sector mapping.
iShares World ex U.S. Carbon Transition Readiness Aware Active ETF,2025-12-31,SUMITOMO METAL MINING LTD,5713,,Materials,0.54,1228856.42,Construction Materials,construction_materials,-0.00525,-0.01318,1.0,Automated sector mapping.
iShares World ex U.S. Carbon Transition Readiness Aware Active ETF,2025-12-31,BP PLC,BP.,,Energy,0.54,1213949.08,Petroleum and Natural Gas,petroleum_and_natural_gas,-0.00204,0.002007,1.0,Automated sector mapping.
iShares World ex U.S. Carbon Transition Readiness Aware Active ETF,2025-12-31,ERICSSON B,ERIC B,,Information Technology,0.53,1203525.1,Computers,computers,0.007811,-0.00171,1.0,Automated sector mapping.
iShares World ex U.S. Carbon Transition Readiness Aware Active ETF,2025-12-31,KUBOTA CORP,6326,,Industrials,0.53,1194897.76,Machinery,machinery,-0.00916,-0.00254,1.0,Automated sector mapping.
iShares World ex U.S. Carbon Transition Readiness Aware Active ETF,2025-12-31,BMW AG,BMW,,Consumer Discretionary,0.49,1116963.66,Consumer Discretionary,consumer_discretionary,-0.0113,0.000276,1.0,Automated sector mapping.
iShares World ex U.S. Carbon Transition Readiness Aware Active ETF,2025-12-31,KONINKLIJKE KPN NV,KPN,,Communication,0.48,1094991.61,Communication,communication,0.002999,-0.00474,1.0,Automated sector mapping.
iShares World ex U.S. Carbon Transition Readiness Aware Active ETF,2025-12-31,ZURICH INSURANCE GROUP AG,ZURN,,Financials,0.48,1093836.54,Depository Institutions,depository_institutions,0.000594,0.004827,1.0,Automated sector mapping.
iShares World ex U.S. Carbon Transition Readiness Aware Active ETF,2025-12-31,SONY GROUP CORP,6758,,Consumer Discretionary,0.48,1093638.71,Consumer Discretionary,consumer_discretionary,-0.0113,0.000276,1.0,Automated sector mapping.
iShares World ex U.S. Carbon Transition Readiness Aware Active ETF,2025-12-31,TORAY INDUSTRIES INC,3402,,Materials,0.48,1075670.68,Construction Materials,construction_materials,-0.00525,-0.01318,1.0,Automated sector mapping.
iShares World ex U.S. Carbon Transition Readiness Aware Active ETF,2025-12-31,TOYOTA MOTOR CORP,7203,,Consumer Discretionary,0.47,1068387.51,Consumer Discretionary,consumer_discretionary,-0.0113,0.000276,1.0,Automated sector mapping.
iShares World ex U.S. Carbon Transition Readiness Aware Active ETF,2025-12-31,MITSUBISHI UFJ FINANCIAL GROUP INC,8306,,Financials,0.46,1048127.21,Depository Institutions,depository_institutions,0.000594,0.004827,1.0,Automated sector mapping.
iShares World ex U.S. Carbon Transition Readiness Aware Active ETF,2025-12-31,RELX PLC,REL,,Industrials,0.46,1046059.37,Machinery,machinery,-0.00916,-0.00254,1.0,Automated sector mapping.
iShares World ex U.S. Carbon Transition Readiness Aware Active ETF,2025-12-31,ADMIRAL GROUP PLC,ADM,,Financials,0.46,1043491.83,Depository Institutions,depository_institutions,0.000594,0.004827,1.0,Automated sector mapping.
iShares World ex U.S. Carbon Transition Readiness Aware Active ETF,2025-12-31,PROSUS NV CLASS N,PRX,,Consumer Discretionary,0.45,1021915.25,Consumer Discretionary,consumer_discretionary,-0.0113,0.000276,1.0,Automated sector mapping.
iShares World ex U.S. Carbon Transition Readiness Aware Active ETF,2025-12-31,NATWEST GROUP PLC,NWG,,Financials,0.45,1015459.47,Depository Institutions,depository_institutions,0.000594,0.004827,1.0,Automated sector mapping.
iShares World ex U.S. Carbon Transition Readiness Aware Active ETF,2025-12-31,KONINKLIJKE PHILIPS NV,PHIA,,Health Care,0.45,1006992.88,Healthcare,healthcare,0.000818,0.007934,1.0,Automated sector mapping.
iShares World ex U.S. Carbon Transition Readiness Aware Active ETF,2025-12-31,BARCLAYS PLC,BARC,,Financials,0.44,1004853.12,Depository Institutions,depository_institutions,0.000594,0.004827,1.0,Automated sector mapping.
iShares World ex U.S. Carbon Transition Readiness Aware Active ETF,2025-12-31,GEBERIT AG,GEBN,,Industrials,0.43,962736.01,Machinery,machinery,-0.00916,-0.00254,1.0,Automated sector mapping.
iShares World ex U.S. Carbon Transition Readiness Aware Active ETF,2025-12-31,SOFTBANK GROUP CORP,9984,,Communication,0.42,954416.41,Communication,communication,0.002999,-0.00474,1.0,Automated sector mapping.
iShares World ex U.S. Carbon Transition Readiness Aware Active ETF,2025-12-31,SONOVA HOLDING AG,SOON,,Health Care,0.41,933747.18,Healthcare,healthcare,0.000818,0.007934,1.0,Automated sector mapping.
iShares World ex U.S. Carbon Transition Readiness Aware Active ETF,2025-12-31,DASSAULT SYSTEMES,DSY,,Information Technology,0.41,932782.95,Computers,computers,0.007811,-0.00171,1.0,Automated sector mapping.
iShares World ex U.S. Carbon Transition Readiness Aware Active ETF,2025-12-31,DBS GROUP HOLDINGS LTD,D05,,Financials,0.4,914644.79,Depository Institutions,depository_institutions,0.000594,0.004827,1.0,Automated sector mapping.
iShares World ex U.S. Carbon Transition Readiness Aware Active ETF,2025-12-31,NOMURA RESEARCH INSTITUTE LTD,4307,,Information Technology,0.4,910381.19,Computers,computers,0.007811,-0.00171,1.0,Automated sector mapping.
iShares World ex U.S. Carbon Transition Readiness Aware Active ETF,2025-12-31,STANTEC INC,STN,,Industrials,0.4,906332.91,Machinery,machinery,-0.00916,-0.00254,1.0,Automated sector mapping.
iShares World ex U.S. Carbon Transition Readiness Aware Active ETF,2025-12-31,DENSO CORP,6902,,Consumer Discretionary,0.4,905907.05,Consumer Discretionary,consumer_discretionary,-0.0113,0.000276,1.0,Automated sector mapping.
iShares World ex U.S. Carbon Transition Readiness Aware Active ETF,2025-12-31,MITSUBISHI HEAVY INDUSTRIES LTD,7011,,Industrials,0.4,899090.88,Machinery,machinery,-0.00916,-0.00254,1.0,Automated sector mapping.
iShares World ex U.S. Carbon Transition Readiness Aware Active ETF,2025-12-31,MITSUI LTD,8031,,Industrials,0.4,894565.06,Machinery,machinery,-0.00916,-0.00254,1.0,Automated sector mapping.
iShares World ex U.S. Carbon Transition Readiness Aware Active ETF,2025-12-31,LONDON STOCK EXCHANGE GROUP PLC,LSEG,,Financials,0.39,874288.85,Depository Institutions,depository_institutions,0.000594,0.004827,1.0,Automated sector mapping.
iShares World ex U.S. Carbon Transition Readiness Aware Active ETF,2025-12-31,VOLKSWAGEN NON-VOTING PREF AG,VOW3,,Consumer Discretionary,0.38,866015.41,Consumer Discretionary,consumer_discretionary,-0.0113,0.000276,1.0,Automated sector mapping.
iShares World ex U.S. Carbon Transition Readiness Aware Active ETF,2025-12-31,DEUTSCHE BANK AG,DBK,,Financials,0.38,862686.79,Depository Institutions,depository_institutions,0.000594,0.004827,1.0,Automated sector mapping.
iShares World ex U.S. Carbon Transition Readiness Aware Active ETF,2025-12-31,OLYMPUS CORP,7733,,Health Care,0.37,845734.15,Healthcare,healthcare,0.000818,0.007934,1.0,Automated sector mapping.
iShares World ex U.S. Carbon Transition Readiness Aware Active ETF,2025-12-31,ABB LTD,ABBN,,Industrials,0.37,843095.46,Machinery,machinery,-0.00916,-0.00254,1.0,Automated sector mapping.
iShares World ex U.S. Carbon Transition Readiness Aware Active ETF,2025-12-31,MERCEDES-BENZ GROUP N AG,MBG,,Consumer Discretionary,0.37,842145.94,Consumer Discretionary,consumer_discretionary,-0.0113,0.000276,1.0,Automated sector mapping.
iShares World ex U.S. Carbon Transition Readiness Aware Active ETF,2025-12-31,TORONTO DOMINION,TD,,Financials,0.37,826507.3,Depository Institutions,depository_institutions,0.000594,0.004827,1.0,Automated sector mapping.
iShares World ex U.S. Carbon Transition Readiness Aware Active ETF,2025-12-31,NOMURA HOLDINGS INC,8604,,Financials,0.36,822540.43,Depository Institutions,depository_institutions,0.000594,0.004827,1.0,Automated sector mapping.
iShares World ex U.S. Carbon Transition Readiness Aware Active ETF,2025-12-31,COMMERZBANK AG,CBK,,Financials,0.36,820945.6,Depository Institutions,depository_institutions,0.000594,0.004827,1.0,Automated sector mapping.
iShares World ex U.S. Carbon Transition Readiness Aware Active ETF,2025-12-31,ZOZO INC,3092,,Consumer Discretionary,0.36,820336.21,Consumer Discretionary,consumer_discretionary,-0.0113,0.000276,1.0,Automated sector mapping.
iShares World ex U.S. Carbon Transition Readiness Aware Active ETF,2025-12-31,SAINSBURY(J) PLC,SBRY,,Consumer Staples,0.36,814206.18,Foodstuff,foodstuff,0.00683,0.001597,1.0,Automated sector mapping.
iShares World ex U.S. Carbon Transition Readiness Aware Active ETF,2025-12-31,3I GROUP PLC,III,,Financials,0.36,810497.82,Depository Institutions,depository_institutions,0.000594,0.004827,1.0,Automated sector mapping.
iShares World ex U.S. Carbon Transition Readiness Aware Active ETF,2025-12-31,ROLLS-ROYCE HOLDINGS PLC,RR.,,Industrials,0.35,799575.73,Machinery,machinery,-0.00916,-0.00254,1.0,Automated sector mapping.
iShares World ex U.S. Carbon Transition Readiness Aware Active ETF,2025-12-31,UCB SA,UCB,,Health Care,0.35,797516.85,Healthcare,healthcare,0.000818,0.007934,1.0,Automated sector mapping.
iShares World ex U.S. Carbon Transition Readiness Aware Active ETF,2025-12-31,BOLIDEN,BOL,,Materials,0.35,796707.94,Construction Materials,construction_materials,-0.00525,-0.01318,1.0,Automated sector mapping.
iShares World ex U.S. Carbon Transition Readiness Aware Active ETF,2025-12-31,RECKITT BENCKISER GROUP PLC,RKT,,Consumer Staples,0.35,788085.29,Foodstuff,foodstuff,0.00683,0.001597,1.0,Automated sector mapping.
iShares World ex U.S. Carbon Transition Readiness Aware Active ETF,2025-12-31,USD CASH,USD,,Cash and/or Derivatives,0.35,782599.45,Cash and/or Derivatives,cash_and/or_derivatives,0.0,0.0,0.0,Automated sector mapping.
iShares World ex U.S. Carbon Transition Readiness Aware Active ETF,2025-12-31,KAWASAKI KISEN LTD,9107,,Industrials,0.34,775027.59,Machinery,machinery,-0.00916,-0.00254,1.0,Automated sector mapping.
iShares World ex U.S. Carbon Transition Readiness Aware Active ETF,2025-12-31,TESCO PLC,TSCO,,Consumer Staples,0.34,769194.2,Foodstuff,foodstuff,0.00683,0.001597,1.0,Automated sector mapping.
iShares World ex U.S. Carbon Transition Readiness Aware Active ETF,2025-12-31,CELLNEX TELECOM SA,CLNX,,Communication,0.34,767590.7,Communication,communication,0.002999,-0.00474,1.0,Automated sector mapping.
iShares World ex U.S. Carbon Transition Readiness Aware Active ETF,2025-12-31,ALFA LAVAL,ALFA,,Industrials,0.34,766686.43,Machinery,machinery,-0.00916,-0.00254,1.0,Automated sector mapping.
iShares World ex U.S. Carbon Transition Readiness Aware Active ETF,2025-12-31,SWISSCOM AG,SCMN,,Communication,0.33,751110.13,Communication,communication,0.002999,-0.00474,1.0,Automated sector mapping.
iShares World ex U.S. Carbon Transition Readiness Aware Active ETF,2025-12-31,LEGRAND SA,LR,,Industrials,0.33,739771.37,Machinery,machinery,-0.00916,-0.00254,1.0,Automated sector mapping.
iShares World ex U.S. Carbon Transition Readiness Aware Active ETF,2025-12-31,WARTSILA,WRT1V,,Industrials,0.32,728525.43,Machinery,machinery,-0.00916,-0.00254,1.0,Automated sector mapping.
iShares World ex U.S. Carbon Transition Readiness Aware Active ETF,2025-12-31,ENBRIDGE INC,ENB,,Energy,0.32,727307.47,Petroleum and Natural Gas,petroleum_and_natural_gas,-0.00204,0.002007,1.0,Automated sector mapping.
iShares World ex U.S. Carbon Transition Readiness Aware Active ETF,2025-12-31,ASICS CORP,7936,,Consumer Discretionary,0.32,725870.04,Consumer Discretionary,consumer_discretionary,-0.0113,0.000276,1.0,Automated sector mapping.
iShares World ex U.S. Carbon Transition Readiness Aware Active ETF,2025-12-31,ASAHI KASEI CORP,3407,,Materials,0.32,718669.81,Construction Materials,construction_materials,-0.00525,-0.01318,1.0,Automated sector mapping.
iShares World ex U.S. Carbon Transition Readiness Aware Active ETF,2025-12-31,FUJITSU LTD,6702,,Information Technology,0.32,712547.13,Computers,computers,0.007811,-0.00171,1.0,Automated sector mapping.
iShares World ex U.S. Carbon Transition Readiness Aware Active ETF,2025-12-31,INTACT FINANCIAL CORP,IFC,,Financials,0.29,660988.39,Depository Institutions,depository_institutions,0.000594,0.004827,1.0,Automated sector mapping.
iShares World ex U.S. Carbon Transition Readiness Aware Active ETF,2025-12-31,RHEINMETALL AG,RHM,,Industrials,0.29,652660.66,Machinery,machinery,-0.00916,-0.00254,1.0,Automated sector mapping.
iShares World ex U.S. Carbon Transition Readiness Aware Active ETF,2025-12-31,ANGLO AMERICAN PLC,AAL,,Materials,0.29,650347.88,Construction Materials,construction_materials,-0.00525,-0.01318,1.0,Automated sector mapping.
iShares World ex U.S. Carbon Transition Readiness Aware Active ETF,2025-12-31,DAIICHI SANKYO LTD,4568,,Health Care,0.29,647193.85,Healthcare,healthcare,0.000818,0.007934,1.0,Automated sector mapping.
iShares World ex U.S. Carbon Transition Readiness Aware Active ETF,2025-12-31,ALIMENTATION COUCHE TARD INC,ATD,,Consumer Staples,0.28,631725.64,Foodstuff,foodstuff,0.00683,0.001597,1.0,Automated sector mapping.
iShares World ex U.S. Carbon Transition Readiness Aware Active ETF,2025-12-31,KLEPIERRE REIT SA,LI,,Real Estate,0.28,625574.76,Real Estate,real_estate,-0.01994,-0.00039,1.0,Automated sector mapping.
iShares World ex U.S. Carbon Transition Readiness Aware Active ETF,2025-12-31,DIAGEO PLC,DGE,,Consumer Staples,0.28,624972.36,Foodstuff,foodstuff,0.00683,0.001597,1.0,Automated sector mapping.
iShares World ex U.S. Carbon Transition Readiness Aware Active ETF,2025-12-31,CAMECO CORP,CCO,,Energy,0.28,623838.57,Petroleum and Natural Gas,petroleum_and_natural_gas,-0.00204,0.002007,1.0,Automated sector mapping.
iShares World ex U.S. Carbon Transition Readiness Aware Active ETF,2025-12-31,SPOTIFY TECHNOLOGY SA,SPOT,,Communication,0.28,623682.54,Communication,communication,0.002999,-0.00474,1.0,Automated sector mapping.
iShares World ex U.S. Carbon Transition Readiness Aware Active ETF,2025-12-31,ING GROEP NV,INGA,,Financials,0.27,620621.77,Depository Institutions,depository_institutions,0.000594,0.004827,1.0,Automated sector mapping.
iShares World ex U.S. Carbon Transition Readiness Aware Active ETF,2025-12-31,SUN HUNG KAI PROPERTIES LTD,16,,Real Estate,0.26,596171.39,Real Estate,real_estate,-0.01994,-0.00039,1.0,Automated sector mapping.
iShares World ex U.S. Carbon Transition Readiness Aware Active ETF,2025-12-31,TERUMO CORP,4543,,Health Care,0.26,592318.73,Healthcare,healthcare,0.000818,0.007934,1.0,Automated sector mapping.
iShares World ex U.S. Carbon Transition Readiness Aware Active ETF,2025-12-31,AUTO TRADER GROUP PLC,AUTO,,Communication,0.26,591474.12,Communication,communication,0.002999,-0.00474,1.0,Automated sector mapping.
iShares World ex U.S. Carbon Transition Readiness Aware Active ETF,2025-12-31,ADIDAS N AG,ADS,,Consumer Discretionary,0.26,579540.51,Consumer Discretionary,consumer_discretionary,-0.0113,0.000276,1.0,Automated sector mapping.
iShares World ex U.S. Carbon Transition Readiness Aware Active ETF,2025-12-31,NOVOZYMES B,NSIS B,,Materials,0.25,568262.72,Construction Materials,construction_materials,-0.00525,-0.01318,1.0,Automated sector mapping.
iShares World ex U.S. Carbon Transition Readiness Aware Active ETF,2025-12-31,MTR CORPORATION CORP LTD,66,,Industrials,0.25,558977.32,Machinery,machinery,-0.00916,-0.00254,1.0,Automated sector mapping.
iShares World ex U.S. Carbon Transition Readiness Aware Active ETF,2025-12-31,CHUGAI PHARMACEUTICAL LTD,4519,,Health Care,0.25,557439.15,Healthcare,healthcare,0.000818,0.007934,1.0,Automated sector mapping.
iShares World ex U.S. Carbon Transition Readiness Aware Active ETF,2025-12-31,INFORMA PLC,INF,,Communication,0.24,539852.66,Communication,communication,0.002999,-0.00474,1.0,Automated sector mapping.
iShares World ex U.S. Carbon Transition Readiness Aware Active ETF,2025-12-31,KONE,KNEBV,,Industrials,0.24,532297.19,Machinery,machinery,-0.00916,-0.00254,1.0,Automated sector mapping.
iShares World ex U.S. Carbon Transition Readiness Aware Active ETF,2025-12-31,AIB GROUP PLC,A5G,,Financials,0.24,531851.56,Depository Institutions,depository_institutions,0.000594,0.004827,1.0,Automated sector mapping.
iShares World ex U.S. Carbon Transition Readiness Aware Active ETF,2025-12-31,SOCIETE GENERALE SA,GLE,,Financials,0.23,531059.98,Depository Institutions,depository_institutions,0.000594,0.004827,1.0,Automated sector mapping.
iShares World ex U.S. Carbon Transition Readiness Aware Active ETF,2025-12-31,GALP ENERGIA SGPS SA CLASS B,GALP,,Energy,0.23,521187.78,Petroleum and Natural Gas,petroleum_and_natural_gas,-0.00204,0.002007,1.0,Automated sector mapping.
iShares World ex U.S. Carbon Transition Readiness Aware Active ETF,2025-12-31,AMUNDI SA,AMUN,,Financials,0.23,521128.13,Depository Institutions,depository_institutions,0.000594,0.004827,1.0,Automated sector mapping.
iShares World ex U.S. Carbon Transition Readiness Aware Active ETF,2025-12-31,NEC CORP,6701,,Information Technology,0.23,518313.18,Computers,computers,0.007811,-0.00171,1.0,Automated sector mapping.
iShares World ex U.S. Carbon Transition Readiness Aware Active ETF,2025-12-31,DAI-ICHI LIFE HOLDINGS INC,8750,,Financials,0.22,508110.94,Depository Institutions,depository_institutions,0.000594,0.004827,1.0,Automated sector mapping.
iShares World ex U.S. Carbon Transition Readiness Aware Active ETF,2025-12-31,LATOUR INVESTMENT CLASS B,LATO B,,Industrials,0.22,507387.17,Machinery,machinery,-0.00916,-0.00254,1.0,Automated sector mapping.
iShares World ex U.S. Carbon Transition Readiness Aware Active ETF,2025-12-31,JDE PEETS NV,JDEP,,Consumer Staples,0.22,501587.98,Foodstuff,foodstuff,0.00683,0.001597,1.0,Automated sector mapping.
iShares World ex U.S. Carbon Transition Readiness Aware Active ETF,2025-12-31,SUMITOMO ELECTRIC INDUSTRIES LTD,5802,,Consumer Discretionary,0.22,500366.84,Consumer Discretionary,consumer_discretionary,-0.0113,0.000276,1.0,Automated sector mapping.
iShares World ex U.S. Carbon Transition Readiness Aware Active ETF,2025-12-31,SIEMENS HEALTHINEERS AG,SHL,,Health Care,0.22,499391.08,Healthcare,healthcare,0.000818,0.007934,1.0,Automated sector mapping.
iShares World ex U.S. Carbon Transition Readiness Aware Active ETF,2025-12-31,CAPGEMINI,CAP,,Information Technology,0.22,497855.23,Computers,computers,0.007811,-0.00171,1.0,Automated sector mapping.
iShares World ex U.S. Carbon Transition Readiness Aware Active ETF,2025-12-31,DISCO CORP,6146,,Information Technology,0.22,491703.08,Computers,computers,0.007811,-0.00171,1.0,Automated sector mapping.
iShares World ex U.S. Carbon Transition Readiness Aware Active ETF,2025-12-31,HONDA MOTOR LTD,7267,,Consumer Discretionary,0.21,486048.04,Consumer Discretionary,consumer_discretionary,-0.0113,0.000276,1.0,Automated sector mapping.
iShares World ex U.S. Carbon Transition Readiness Aware Active ETF,2025-12-31,SANDS CHINA LTD,1928,,Consumer Discretionary,0.21,471397.19,Consumer Discretionary,consumer_discretionary,-0.0113,0.000276,1.0,Automated sector mapping.
iShares World ex U.S. Carbon Transition Readiness Aware Active ETF,2025-12-31,CELESTICA INC,CLS,,Information Technology,0.21,469766.08,Computers,computers,0.007811,-0.00171,1.0,Automated sector mapping.
iShares World ex U.S. Carbon Transition Readiness Aware Active ETF,2025-12-31,CYBER ARK SOFTWARE LTD,CYBR,,Information Technology,0.21,467916.94,Computers,computers,0.007811,-0.00171,1.0,Automated sector mapping.
iShares World ex U.S. Carbon Transition Readiness Aware Active ETF,2025-12-31,AJINOMOTO INC,2802,,Consumer Staples,0.21,467674.89,Foodstuff,foodstuff,0.00683,0.001597,1.0,Automated sector mapping.
iShares World ex U.S. Carbon Transition Readiness Aware Active ETF,2025-12-31,KOMATSU LTD,6301,,Industrials,0.21,465724.58,Machinery,machinery,-0.00916,-0.00254,1.0,Automated sector mapping.
iShares World ex U.S. Carbon Transition Readiness Aware Active ETF,2025-12-31,SECOM LTD,9735,,Industrials,0.2,458653.86,Machinery,machinery,-0.00916,-0.00254,1.0,Automated sector mapping.
iShares World ex U.S. Carbon Transition Readiness Aware Active ETF,2025-12-31,KUEHNE UND NAGEL INTERNATIONAL AG,KNIN,,Industrials,0.2,453496.37,Machinery,machinery,-0.00916,-0.00254,1.0,Automated sector mapping.
iShares World ex U.S. Carbon Transition Readiness Aware Active ETF,2025-12-31,BHP GROUP LTD,BHP,,Materials,0.2,451688.25,Construction Materials,construction_materials,-0.00525,-0.01318,1.0,Automated sector mapping.
iShares World ex U.S. Carbon Transition Readiness Aware Active ETF,2025-12-31,AEON LTD,8267,,Consumer Staples,0.2,447217.46,Foodstuff,foodstuff,0.00683,0.001597,1.0,Automated sector mapping.
iShares World ex U.S. Carbon Transition Readiness Aware Active ETF,2025-12-31,MITSUBISHI ESTATE CO LTD,8802,,Real Estate,0.2,446102.27,Real Estate,real_estate,-0.01994,-0.00039,1.0,Automated sector mapping.
iShares World ex U.S. Carbon Transition Readiness Aware Active ETF,2025-12-31,LONZA GROUP AG,LONN,,Health Care,0.2,445309.94,Healthcare,healthcare,0.000818,0.007934,1.0,Automated sector mapping.
iShares World ex U.S. Carbon Transition Readiness Aware Active ETF,2025-12-31,NATIONAL AUSTRALIA BANK LTD,NAB,,Financials,0.19,435856.41,Depository Institutions,depository_institutions,0.000594,0.004827,1.0,Automated sector mapping.
iShares World ex U.S. Carbon Transition Readiness Aware Active ETF,2025-12-31,SEKISUI CHEMICAL LTD,4204,,Industrials,0.18,410182.14,Machinery,machinery,-0.00916,-0.00254,1.0,Automated sector mapping.
iShares World ex U.S. Carbon Transition Readiness Aware Active ETF,2025-12-31,DSV,DSV,,Industrials,0.18,407076.7,Machinery,machinery,-0.00916,-0.00254,1.0,Automated sector mapping.
iShares World ex U.S. Carbon Transition Readiness Aware Active ETF,2025-12-31,WHITBREAD PLC,WTB,,Consumer Discretionary,0.18,403010.61,Consumer Discretionary,consumer_discretionary,-0.0113,0.000276,1.0,Automated sector mapping.
iShares World ex U.S. Carbon Transition Readiness Aware Active ETF,2025-12-31,BIOMERIEUX SA,BIM,,Health Care,0.18,402486.48,Healthcare,healthcare,0.000818,0.007934,1.0,Automated sector mapping.
iShares World ex U.S. Carbon Transition Readiness Aware Active ETF,2025-12-31,BROOKFIELD RENEWABLE SUBORDINATE V,BEPC,,Utilities,0.18,398538.32,Utilities,utilities,0.000639,0.00697,1.0,Automated sector mapping.
iShares World ex U.S. Carbon Transition Readiness Aware Active ETF,2025-12-31,ASAHI GROUP HOLDINGS LTD,2502,,Consumer Staples,0.17,392237.39,Foodstuff,foodstuff,0.00683,0.001597,1.0,Automated sector mapping.
iShares World ex U.S. Carbon Transition Readiness Aware Active ETF,2025-12-31,IA FINANCIAL INC,IAG,,Financials,0.17,391660.6,Depository Institutions,depository_institutions,0.000594,0.004827,1.0,Automated sector mapping.
iShares World ex U.S. Carbon Transition Readiness Aware Active ETF,2025-12-31,GENMAB,GMAB,,Health Care,0.17,390445.15,Healthcare,healthcare,0.000818,0.007934,1.0,Automated sector mapping.
iShares World ex U.S. Carbon Transition Readiness Aware Active ETF,2025-12-31,DAIFUKU LTD,6383,,Industrials,0.17,383563.11,Machinery,machinery,-0.00916,-0.00254,1.0,Automated sector mapping.
iShares World ex U.S. Carbon Transition Readiness Aware Active ETF,2025-12-31,WOLTERS KLUWER NV,WKL,,Industrials,0.17,383567.13,Machinery,machinery,-0.00916,-0.00254,1.0,Automated sector mapping.
iShares World ex U.S. Carbon Transition Readiness Aware Active ETF,2025-12-31,BT GROUP PLC,BT.A,,Communication,0.17,382120.71,Communication,communication,0.002999,-0.00474,1.0,Automated sector mapping.
iShares World ex U.S. Carbon Transition Readiness Aware Active ETF,2025-12-31,SIKA AG,SIKA,,Materials,0.17,381537.9,Construction Materials,construction_materials,-0.00525,-0.01318,1.0,Automated sector mapping.
iShares World ex U.S. Carbon Transition Readiness Aware Active ETF,2025-12-31,MONCLER,MONC,,Consumer Discretionary,0.17,376749.14,Consumer Discretionary,consumer_discretionary,-0.0113,0.000276,1.0,Automated sector mapping.
iShares World ex U.S. Carbon Transition Readiness Aware Active ETF,2025-12-31,ANZ GROUP HOLDINGS LTD,ANZ,,Financials,0.16,372829.77,Depository Institutions,depository_institutions,0.000594,0.004827,1.0,Automated sector mapping.
iShares World ex U.S. Carbon Transition Readiness Aware Active ETF,2025-12-31,MITSUI OSK LINES LTD,9104,,Industrials,0.16,369600.31,Machinery,machinery,-0.00916,-0.00254,1.0,Automated sector mapping.
iShares World ex U.S. Carbon Transition Readiness Aware Active ETF,2025-12-31,SHISEIDO LTD,4911,,Consumer Staples,0.16,367688.92,Foodstuff,foodstuff,0.00683,0.001597,1.0,Automated sector mapping.
iShares World ex U.S. Carbon Transition Readiness Aware Active ETF,2025-12-31,NINTENDO LTD,7974,,Communication,0.16,365006.86,Communication,communication,0.002999,-0.00474,1.0,Automated sector mapping.
iShares World ex U.S. Carbon Transition Readiness Aware Active ETF,2025-12-31,JERONIMO MARTINS SA,JMT,,Consumer Staples,0.16,358842.7,Foodstuff,foodstuff,0.00683,0.001597,1.0,Automated sector mapping.
iShares World ex U.S. Carbon Transition Readiness Aware Active ETF,2025-12-31,SUNCORP GROUP LTD,SUN,,Financials,0.16,358252.29,Depository Institutions,depository_institutions,0.000594,0.004827,1.0,Automated sector mapping.
iShares World ex U.S. Carbon Transition Readiness Aware Active ETF,2025-12-31,TEVA PHARMACEUTICAL INDUSTRIES ADR,TEVA,,Health Care,0.16,356199.73,Healthcare,healthcare,0.000818,0.007934,1.0,Automated sector mapping.
iShares World ex U.S. Carbon Transition Readiness Aware Active ETF,2025-12-31,BROOKFIELD CORP CLASS A,BN,,Financials,0.15,350236.26,Depository Institutions,depository_institutions,0.000594,0.004827,1.0,Automated sector mapping.
iShares World ex U.S. Carbon Transition Readiness Aware Active ETF,2025-12-31,VESTAS WIND SYSTEMS,VWS,,Industrials,0.15,347039.94,Machinery,machinery,-0.00916,-0.00254,1.0,Automated sector mapping.
iShares World ex U.S. Carbon Transition Readiness Aware Active ETF,2025-12-31,SAFRAN SA,SAF,,Industrials,0.15,342295.8,Machinery,machinery,-0.00916,-0.00254,1.0,Automated sector mapping.
iShares World ex U.S. Carbon Transition Readiness Aware Active ETF,2025-12-31,BANK OF MONTREAL,BMO,,Financials,0.15,341090.46,Depository Institutions,depository_institutions,0.000594,0.004827,1.0,Automated sector mapping.
iShares World ex U.S. Carbon Transition Readiness Aware Active ETF,2025-12-31,SANTOS LTD,STO,,Energy,0.15,332995.96,Petroleum and Natural Gas,petroleum_and_natural_gas,-0.00204,0.002007,1.0,Automated sector mapping.
iShares World ex U.S. Carbon Transition Readiness Aware Active ETF,2025-12-31,AVIVA PLC,AV.,,Financials,0.14,324384.19,Depository Institutions,depository_institutions,0.000594,0.004827,1.0,Automated sector mapping.
iShares World ex U.S. Carbon Transition Readiness Aware Active ETF,2025-12-31,KINGSPAN GROUP PLC,KRX,,Industrials,0.14,323087.08,Machinery,machinery,-0.00916,-0.00254,1.0,Automated sector mapping.
iShares World ex U.S. Carbon Transition Readiness Aware Active ETF,2025-12-31,MOWI,MOWI,,Consumer Staples,0.14,322189.94,Foodstuff,foodstuff,0.00683,0.001597,1.0,Automated sector mapping.
iShares World ex U.S. Carbon Transition Readiness Aware Active ETF,2025-12-31,BANK LEUMI LE ISRAEL,LUMI,,Financials,0.14,318478.18,Depository Institutions,depository_institutions,0.000594,0.004827,1.0,Automated sector mapping.
iShares World ex U.S. Carbon Transition Readiness Aware Active ETF,2025-12-31,BAE SYSTEMS PLC,BA.,,Industrials,0.14,318377.91,Machinery,machinery,-0.00916,-0.00254,1.0,Automated sector mapping.
iShares World ex U.S. Carbon Transition Readiness Aware Active ETF,2025-12-31,POWER CORPORATION OF CANADA,POW,,Financials,0.14,315376.04,Depository Institutions,depository_institutions,0.000594,0.004827,1.0,Automated sector mapping.
iShares World ex U.S. Carbon Transition Readiness Aware Active ETF,2025-12-31,CARREFOUR SA,CA,,Consumer Staples,0.14,315229.73,Foodstuff,foodstuff,0.00683,0.001597,1.0,Automated sector mapping.
iShares World ex U.S. Carbon Transition Readiness Aware Active ETF,2025-12-31,SUZUKI MOTOR CORP,7269,,Consumer Discretionary,0.14,314255.32,Consumer Discretionary,consumer_discretionary,-0.0113,0.000276,1.0,Automated sector mapping.
iShares World ex U.S. Carbon Transition Readiness Aware Active ETF,2025-12-31,CENTRICA PLC,CNA,,Utilities,0.14,312172.94,Utilities,utilities,0.000639,0.00697,1.0,Automated sector mapping.
iShares World ex U.S. Carbon Transition Readiness Aware Active ETF,2025-12-31,BANK HAPOALIM BM,POLI,,Financials,0.14,308966.57,Depository Institutions,depository_institutions,0.000594,0.004827,1.0,Automated sector mapping.
iShares World ex U.S. Carbon Transition Readiness Aware Active ETF,2025-12-31,KNORR BREMSE AG,KBX,,Industrials,0.13,297587.37,Machinery,machinery,-0.00916,-0.00254,1.0,Automated sector mapping.
iShares World ex U.S. Carbon Transition Readiness Aware Active ETF,2025-12-31,BANK OF IRELAND GROUP PLC,BIRG,,Financials,0.13,288243.5,Depository Institutions,depository_institutions,0.000594,0.004827,1.0,Automated sector mapping.
iShares World ex U.S. Carbon Transition Readiness Aware Active ETF,2025-12-31,REA GROUP LTD,REA,,Communication,0.13,285922.49,Communication,communication,0.002999,-0.00474,1.0,Automated sector mapping.
iShares World ex U.S. Carbon Transition Readiness Aware Active ETF,2025-12-31,BANDAI NAMCO HOLDINGS INC,7832,,Consumer Discretionary,0.13,284796.33,Consumer Discretionary,consumer_discretionary,-0.0113,0.000276,1.0,Automated sector mapping.
iShares World ex U.S. Carbon Transition Readiness Aware Active ETF,2025-12-31,AKZO NOBEL NV,AKZA,,Materials,0.12,282072.82,Construction Materials,construction_materials,-0.00525,-0.01318,1.0,Automated sector mapping.
iShares World ex U.S. Carbon Transition Readiness Aware Active ETF,2025-12-31,SNAM,SRG,,Utilities,0.12,278753.81,Utilities,utilities,0.000639,0.00697,1.0,Automated sector mapping.
iShares World ex U.S. Carbon Transition Readiness Aware Active ETF,2025-12-31,RENESAS ELECTRONICS CORP,6723,,Information Technology,0.12,278516.06,Computers,computers,0.007811,-0.00171,1.0,Automated sector mapping.
iShares World ex U.S. Carbon Transition Readiness Aware Active ETF,2025-12-31,THE SWATCH GROUP AG,UHR,,Consumer Discretionary,0.12,276930.26,Consumer Discretionary,consumer_discretionary,-0.0113,0.000276,1.0,Automated sector mapping.
iShares World ex U.S. Carbon Transition Readiness Aware Active ETF,2025-12-31,CGI INC CLASS A,GIB.A,,Information Technology,0.12,276636.13,Computers,computers,0.007811,-0.00171,1.0,Automated sector mapping.
iShares World ex U.S. Carbon Transition Readiness Aware Active ETF,2025-12-31,SAMPO CLASS A,SAMPO,,Financials,0.12,272085.9,Depository Institutions,depository_institutions,0.000594,0.004827,1.0,Automated sector mapping.
iShares World ex U.S. Carbon Transition Readiness Aware Active ETF,2025-12-31,REXEL SA,RXL,,Industrials,0.12,271375.01,Machinery,machinery,-0.00916,-0.00254,1.0,Automated sector mapping.
iShares World ex U.S. Carbon Transition Readiness Aware Active ETF,2025-12-31,NIBE INDUSTRIER CLASS B,NIBE B,,Industrials,0.12,271222.49,Machinery,machinery,-0.00916,-0.00254,1.0,Automated sector mapping.
iShares World ex U.S. Carbon Transition Readiness Aware Active ETF,2025-12-31,DOLLARAMA INC,DOL,,Consumer Discretionary,0.12,269379.54,Consumer Discretionary,consumer_discretionary,-0.0113,0.000276,1.0,Automated sector mapping.
iShares World ex U.S. Carbon Transition Readiness Aware Active ETF,2025-12-31,NORSK HYDRO,NHY,,Materials,0.12,264815.64,Construction Materials,construction_materials,-0.00525,-0.01318,1.0,Automated sector mapping.
iShares World ex U.S. Carbon Transition Readiness Aware Active ETF,2025-12-31,MUENCHENER RUECKVERSICHERUNGS-GESE,MUV2,,Financials,0.12,264110.32,Depository Institutions,depository_institutions,0.000594,0.004827,1.0,Automated sector mapping.
iShares World ex U.S. Carbon Transition Readiness Aware Active ETF,2025-12-31,SCREEN HOLDINGS LTD,7735,,Information Technology,0.12,262515.55,Computers,computers,0.007811,-0.00171,1.0,Automated sector mapping.
iShares World ex U.S. Carbon Transition Readiness Aware Active ETF,2025-12-31,STORA ENSO CLASS R,STERV,,Materials,0.11,258993.24,Construction Materials,construction_materials,-0.00525,-0.01318,1.0,Automated sector mapping.
iShares World ex U.S. Carbon Transition Readiness Aware Active ETF,2025-12-31,TOYOTA TSUSHO CORP,8015,,Industrials,0.11,252352.55,Machinery,machinery,-0.00916,-0.00254,1.0,Automated sector mapping.
iShares World ex U.S. Carbon Transition Readiness Aware Active ETF,2025-12-31,GRAB HOLDINGS LTD CLASS A,GRAB,,Industrials,0.11,250912.17,Machinery,machinery,-0.00916,-0.00254,1.0,Automated sector mapping.
iShares World ex U.S. Carbon Transition Readiness Aware Active ETF,2025-12-31,KDDI CORP,9433,,Communication,0.11,250555.04,Communication,communication,0.002999,-0.00474,1.0,Automated sector mapping.
iShares World ex U.S. Carbon Transition Readiness Aware Active ETF,2025-12-31,ZALANDO,ZAL,,Consumer Discretionary,0.11,247042.43,Consumer Discretionary,consumer_discretionary,-0.0113,0.000276,1.0,Automated sector mapping.
iShares World ex U.S. Carbon Transition Readiness Aware Active ETF,2025-12-31,YOKOGAWA ELECTRIC CORP,6841,,Information Technology,0.11,246407.86,Computers,computers,0.007811,-0.00171,1.0,Automated sector mapping.
iShares World ex U.S. Carbon Transition Readiness Aware Active ETF,2025-12-31,KEYERA CORP,KEY,,Energy,0.11,246329.38,Petroleum and Natural Gas,petroleum_and_natural_gas,-0.00204,0.002007,1.0,Automated sector mapping.
iShares World ex U.S. Carbon Transition Readiness Aware Active ETF,2025-12-31,TALANX AG,TLX,,Financials,0.11,245920.43,Depository Institutions,depository_institutions,0.000594,0.004827,1.0,Automated sector mapping.
iShares World ex U.S. Carbon Transition Readiness Aware Active ETF,2025-12-31,IHI CORP,7013,,Industrials,0.11,242509.17,Machinery,machinery,-0.00916,-0.00254,1.0,Automated sector mapping.
iShares World ex U.S. Carbon Transition Readiness Aware Active ETF,2025-12-31,VERBUND AG,VER,,Utilities,0.11,240875.0,Utilities,utilities,0.000639,0.00697,1.0,Automated sector mapping.
iShares World ex U.S. Carbon Transition Readiness Aware Active ETF,2025-12-31,HANG SENG BANK LTD,11,,Financials,0.11,240598.7,Depository Institutions,depository_institutions,0.000594,0.004827,1.0,Automated sector mapping.
iShares World ex U.S. Carbon Transition Readiness Aware Active ETF,2025-12-31,UNIBAIL RODAMCO WE STAPLED UNITS,URW,,Real Estate,0.1,234007.38,Real Estate,real_estate,-0.01994,-0.00039,1.0,Automated sector mapping.
iShares World ex U.S. Carbon Transition Readiness Aware Active ETF,2025-12-31,NESTE,NESTE,,Energy,0.1,230787.46,Petroleum and Natural Gas,petroleum_and_natural_gas,-0.00204,0.002007,1.0,Automated sector mapping.
iShares World ex U.S. Carbon Transition Readiness Aware Active ETF,2025-12-31,INPEX CORP,1605,,Energy,0.1,229420.4,Petroleum and Natural Gas,petroleum_and_natural_gas,-0.00204,0.002007,1.0,Automated sector mapping.
iShares World ex U.S. Carbon Transition Readiness Aware Active ETF,2025-12-31,HOLCIM LTD AG,HOLN,,Materials,0.1,228397.0,Construction Materials,construction_materials,-0.00525,-0.01318,1.0,Automated sector mapping.
iShares World ex U.S. Carbon Transition Readiness Aware Active ETF,2025-12-31,MERIDIAN ENERGY LTD,MEL,,Utilities,0.1,227912.1,Utilities,utilities,0.000639,0.00697,1.0,Automated sector mapping.
iShares World ex U.S. Carbon Transition Readiness Aware Active ETF,2025-12-31,SCHRODERS PLC,SDR,,Financials,0.1,226452.11,Depository Institutions,depository_institutions,0.000594,0.004827,1.0,Automated sector mapping.
iShares World ex U.S. Carbon Transition Readiness Aware Active ETF,2025-12-31,LEONARDO FINMECCANICA SPA,LDO,,Industrials,0.1,224304.21,Machinery,machinery,-0.00916,-0.00254,1.0,Automated sector mapping.
iShares World ex U.S. Carbon Transition Readiness Aware Active ETF,2025-12-31,STMICROELECTRONICS NV,STMPA,,Information Technology,0.1,222512.38,Computers,computers,0.007811,-0.00171,1.0,Automated sector mapping.
iShares World ex U.S. Carbon Transition Readiness Aware Active ETF,2025-12-31,FAST RETAILING LTD,9983,,Consumer Discretionary,0.1,217959.11,Consumer Discretionary,consumer_discretionary,-0.0113,0.000276,1.0,Automated sector mapping.
iShares World ex U.S. Carbon Transition Readiness Aware Active ETF,2025-12-31,LUNDIN GOLD INC,LUG,,Materials,0.1,216353.11,Construction Materials,construction_materials,-0.00525,-0.01318,1.0,Automated sector mapping.
iShares World ex U.S. Carbon Transition Readiness Aware Active ETF,2025-12-31,TELECOM ITALIA,TIT,,Communication,0.09,211700.38,Communication,communication,0.002999,-0.00474,1.0,Automated sector mapping.
iShares World ex U.S. Carbon Transition Readiness Aware Active ETF,2025-12-31,COCA COLA HBC AG,CCH,,Consumer Staples,0.09,209497.83,Foodstuff,foodstuff,0.00683,0.001597,1.0,Automated sector mapping.
iShares World ex U.S. Carbon Transition Readiness Aware Active ETF,2025-12-31,SOFTBANK CORP,9434,,Communication,0.09,206653.1,Communication,communication,0.002999,-0.00474,1.0,Automated sector mapping.
iShares World ex U.S. Carbon Transition Readiness Aware Active ETF,2025-12-31,DEUTSCHE POST AG,DHL,,Industrials,0.09,204764.92,Machinery,machinery,-0.00916,-0.00254,1.0,Automated sector mapping.
iShares World ex U.S. Carbon Transition Readiness Aware Active ETF,2025-12-31,KYOWA KIRIN LTD,4151,,Health Care,0.09,196685.06,Healthcare,healthcare,0.000818,0.007934,1.0,Automated sector mapping.
iShares World ex U.S. Carbon Transition Readiness Aware Active ETF,2025-12-31,SUN LIFE FINANCIAL INC,SLF,,Financials,0.09,195768.56,Depository Institutions,depository_institutions,0.000594,0.004827,1.0,Automated sector mapping.
iShares World ex U.S. Carbon Transition Readiness Aware Active ETF,2025-12-31,RESTAURANTS BRANDS INTERNATIONAL I,QSR,,Consumer Discretionary,0.08,190565.56,Consumer Discretionary,consumer_discretionary,-0.0113,0.000276,1.0,Automated sector mapping.
iShares World ex U.S. Carbon Transition Readiness Aware Active ETF,2025-12-31,QBE INSURANCE GROUP LTD,QBE,,Financials,0.08,189603.83,Depository Institutions,depository_institutions,0.000594,0.004827,1.0,Automated sector mapping.
iShares World ex U.S. Carbon Transition Readiness Aware Active ETF,2025-12-31,FORTESCUE LTD,FMG,,Materials,0.08,189264.67,Construction Materials,construction_materials,-0.00525,-0.01318,1.0,Automated sector mapping.
iShares World ex U.S. Carbon Transition Readiness Aware Active ETF,2025-12-31,SEA ADS REPRESENTING LTD CLASS A,SE,,Consumer Discretionary,0.08,188548.46,Consumer Discretionary,consumer_discretionary,-0.0113,0.000276,1.0,Automated sector mapping.
iShares World ex U.S. Carbon Transition Readiness Aware Active ETF,2025-12-31,CARLSBERG AS CL B,CARL B,,Consumer Staples,0.08,186618.53,Foodstuff,foodstuff,0.00683,0.001597,1.0,Automated sector mapping.
iShares World ex U.S. Carbon Transition Readiness Aware Active ETF,2025-12-31,ERSTE GROUP BANK AG,EBS,,Financials,0.08,185747.84,Depository Institutions,depository_institutions,0.000594,0.004827,1.0,Automated sector mapping.
iShares World ex U.S. Carbon Transition Readiness Aware Active ETF,2025-12-31,EVONIK INDUSTRIES AG,EVK,,Materials,0.08,180018.85,Construction Materials,construction_materials,-0.00525,-0.01318,1.0,Automated sector mapping.
iShares World ex U.S. Carbon Transition Readiness Aware Active ETF,2025-12-31,AMADEUS IT GROUP SA,AMS,,Consumer Discretionary,0.08,179192.32,Consumer Discretionary,consumer_discretionary,-0.0113,0.000276,1.0,Automated sector mapping.
iShares World ex U.S. Carbon Transition Readiness Aware Active ETF,2025-12-31,SKF B,SKF B,,Industrials,0.08,178188.2,Machinery,machinery,-0.00916,-0.00254,1.0,Automated sector mapping.
iShares World ex U.S. Carbon Transition Readiness Aware Active ETF,2025-12-31,UNIVERSAL MUSIC GROUP NV,UMG,,Communication,0.08,176934.08,Communication,communication,0.002999,-0.00474,1.0,Automated sector mapping.
iShares World ex U.S. Carbon Transition Readiness Aware Active ETF,2025-12-31,SSE PLC,SSE,,Utilities,0.08,176320.78,Utilities,utilities,0.000639,0.00697,1.0,Automated sector mapping.
iShares World ex U.S. Carbon Transition Readiness Aware Active ETF,2025-12-31,CHOCOLADEFABRIKEN LINDT & SPRUENGL,LISP,,Consumer Staples,0.08,175550.65,Foodstuff,foodstuff,0.00683,0.001597,1.0,Automated sector mapping.
iShares World ex U.S. Carbon Transition Readiness Aware Active ETF,2025-12-31,ATLAS COPCO CLASS A,ATCO A,,Industrials,0.08,174357.18,Machinery,machinery,-0.00916,-0.00254,1.0,Automated sector mapping.
iShares World ex U.S. Carbon Transition Readiness Aware Active ETF,2025-12-31,ANTOFAGASTA PLC,ANTO,,Materials,0.08,173946.92,Construction Materials,construction_materials,-0.00525,-0.01318,1.0,Automated sector mapping.
iShares World ex U.S. Carbon Transition Readiness Aware Active ETF,2025-12-31,SAAB CLASS B,SAAB B,,Industrials,0.07,167482.45,Machinery,machinery,-0.00916,-0.00254,1.0,Automated sector mapping.
iShares World ex U.S. Carbon Transition Readiness Aware Active ETF,2025-12-31,BE SEMICONDUCTOR INDUSTRIES NV,BESI,,Information Technology,0.07,166978.9,Computers,computers,0.007811,-0.00171,1.0,Automated sector mapping.
iShares World ex U.S. Carbon Transition Readiness Aware Active ETF,2025-12-31,FUJIKURA LTD,5803,,Industrials,0.07,166895.28,Machinery,machinery,-0.00916,-0.00254,1.0,Automated sector mapping.
iShares World ex U.S. Carbon Transition Readiness Aware Active ETF,2025-12-31,RENAULT SA,RNO,,Consumer Discretionary,0.07,166853.67,Consumer Discretionary,consumer_discretionary,-0.0113,0.000276,1.0,Automated sector mapping.
iShares World ex U.S. Carbon Transition Readiness Aware Active ETF,2025-12-31,KERING SA,KER,,Consumer Discretionary,0.07,165088.91,Consumer Discretionary,consumer_discretionary,-0.0113,0.000276,1.0,Automated sector mapping.
iShares World ex U.S. Carbon Transition Readiness Aware Active ETF,2025-12-31,SG HOLDINGS LTD,9143,,Industrials,0.07,162788.61,Machinery,machinery,-0.00916,-0.00254,1.0,Automated sector mapping.
iShares World ex U.S. Carbon Transition Readiness Aware Active ETF,2025-12-31,ADDTECH CLASS B,ADDT B,,Industrials,0.07,162229.7,Machinery,machinery,-0.00916,-0.00254,1.0,Automated sector mapping.
iShares World ex U.S. Carbon Transition Readiness Aware Active ETF,2025-12-31,TOKIO MARINE HOLDINGS INC,8766,,Financials,0.07,159578.3,Depository Institutions,depository_institutions,0.000594,0.004827,1.0,Automated sector mapping.
iShares World ex U.S. Carbon Transition Readiness Aware Active ETF,2025-12-31,ORSTED A/S,ORSTED,,Utilities,0.07,155274.99,Utilities,utilities,0.000639,0.00697,1.0,Automated sector mapping.
iShares World ex U.S. Carbon Transition Readiness Aware Active ETF,2025-12-31,SODEXO SA,SW,,Consumer Discretionary,0.07,149967.16,Consumer Discretionary,consumer_discretionary,-0.0113,0.000276,1.0,Automated sector mapping.
iShares World ex U.S. Carbon Transition Readiness Aware Active ETF,2025-12-31,SHIMADZU CORP,7701,,Information Technology,0.07,148909.38,Computers,computers,0.007811,-0.00171,1.0,Automated sector mapping.
iShares World ex U.S. Carbon Transition Readiness Aware Active ETF,2025-12-31,IPSEN SA,IPN,,Health Care,0.07,148843.92,Healthcare,healthcare,0.000818,0.007934,1.0,Automated sector mapping.
iShares World ex U.S. Carbon Transition Readiness Aware Active ETF,2025-12-31,TAKEDA PHARMACEUTICAL LTD,4502,,Health Care,0.07,148062.14,Healthcare,healthcare,0.000818,0.007934,1.0,Automated sector mapping.
iShares World ex U.S. Carbon Transition Readiness Aware Active ETF,2025-12-31,GRIFOLS SA CLASS A,GRF,,Health Care,0.06,146652.4,Healthcare,healthcare,0.000818,0.007934,1.0,Automated sector mapping.
iShares World ex U.S. Carbon Transition Readiness Aware Active ETF,2025-12-31,ARGENX,ARGX,,Health Care,0.06,143113.78,Healthcare,healthcare,0.000818,0.007934,1.0,Automated sector mapping.
iShares World ex U.S. Carbon Transition Readiness Aware Active ETF,2025-12-31,ANA HOLDINGS INC,9202,,Industrials,0.06,142540.43,Machinery,machinery,-0.00916,-0.00254,1.0,Automated sector mapping.
iShares World ex U.S. Carbon Transition Readiness Aware Active ETF,2025-12-31,NITTO DENKO CORP,6988,,Materials,0.06,139835.4,Construction Materials,construction_materials,-0.00525,-0.01318,1.0,Automated sector mapping.
iShares World ex U.S. Carbon Transition Readiness Aware Active ETF,2025-12-31,BMW PREF AG,BMW3,,Consumer Discretionary,0.06,136584.42,Consumer Discretionary,consumer_discretionary,-0.0113,0.000276,1.0,Automated sector mapping.
iShares World ex U.S. Carbon Transition Readiness Aware Active ETF,2025-12-31,PERNOD RICARD SA,RI,,Consumer Staples,0.06,131697.42,Foodstuff,foodstuff,0.00683,0.001597,1.0,Automated sector mapping.
iShares World ex U.S. Carbon Transition Readiness Aware Active ETF,2025-12-31,LOGITECH INTERNATIONAL SA,LOGN,,Information Technology,0.06,129784.71,Computers,computers,0.007811,-0.00171,1.0,Automated sector mapping.
iShares World ex U.S. Carbon Transition Readiness Aware Active ETF,2025-12-31,ROCKWOOL CLASS B,ROCK B,,Industrials,0.06,129613.15,Machinery,machinery,-0.00916,-0.00254,1.0,Automated sector mapping.
iShares World ex U.S. Carbon Transition Readiness Aware Active ETF,2025-12-31,BARRY CALLEBAUT AG,BARN,,Consumer Staples,0.06,128580.62,Foodstuff,foodstuff,0.00683,0.001597,1.0,Automated sector mapping.
iShares World ex U.S. Carbon Transition Readiness Aware Active ETF,2025-12-31,GALAXY ENTERTAINMENT GROUP LTD,27,,Consumer Discretionary,0.06,128004.11,Consumer Discretionary,consumer_discretionary,-0.0113,0.000276,1.0,Automated sector mapping.
iShares World ex U.S. Carbon Transition Readiness Aware Active ETF,2025-12-31,IDEMITSU KOSAN LTD,5019,,Energy,0.05,122266.1,Petroleum and Natural Gas,petroleum_and_natural_gas,-0.00204,0.002007,1.0,Automated sector mapping.
iShares World ex U.S. Carbon Transition Readiness Aware Active ETF,2025-12-31,ELEMENT FLEET MANAGEMENT CORP,EFN,,Industrials,0.05,122134.74,Machinery,machinery,-0.00916,-0.00254,1.0,Automated sector mapping.
iShares World ex U.S. Carbon Transition Readiness Aware Active ETF,2025-12-31,WHITECAP RESOURCES INC,WCP,,Energy,0.05,121816.52,Petroleum and Natural Gas,petroleum_and_natural_gas,-0.00204,0.002007,1.0,Automated sector mapping.
iShares World ex U.S. Carbon Transition Readiness Aware Active ETF,2025-12-31,NOKIA,NOKIA,,Information Technology,0.05,119022.92,Computers,computers,0.007811,-0.00171,1.0,Automated sector mapping.
iShares World ex U.S. Carbon Transition Readiness Aware Active ETF,2025-12-31,THALES SA,HO,,Industrials,0.05,116321.99,Machinery,machinery,-0.00916,-0.00254,1.0,Automated sector mapping.
iShares World ex U.S. Carbon Transition Readiness Aware Active ETF,2025-12-31,SALMAR,SALM,,Consumer Staples,0.05,113009.02,Foodstuff,foodstuff,0.00683,0.001597,1.0,Automated sector mapping.
iShares World ex U.S. Carbon Transition Readiness Aware Active ETF,2025-12-31,TECK RESOURCES SUBORDINATE VOTING,TECK.B,,Materials,0.05,112364.94,Construction Materials,construction_materials,-0.00525,-0.01318,1.0,Automated sector mapping.
iShares World ex U.S. Carbon Transition Readiness Aware Active ETF,2025-12-31,ORIENTAL LAND LTD,4661,,Consumer Discretionary,0.05,107252.54,Consumer Discretionary,consumer_discretionary,-0.0113,0.000276,1.0,Automated sector mapping.
iShares World ex U.S. Carbon Transition Readiness Aware Active ETF,2025-12-31,COVIVIO SA,COV,,Real Estate,0.05,102260.59,Real Estate,real_estate,-0.01994,-0.00039,1.0,Automated sector mapping.
iShares World ex U.S. Carbon Transition Readiness Aware Active ETF,2025-12-31,COMPASS GROUP PLC,CPG,,Consumer Discretionary,0.04,100573.85,Consumer Discretionary,consumer_discretionary,-0.0113,0.000276,1.0,Automated sector mapping.
iShares World ex U.S. Carbon Transition Readiness Aware Active ETF,2025-12-31,SWEDISH ORPHAN BIOVITRUM,SOBI,,Health Care,0.04,98084.09,Healthcare,healthcare,0.000818,0.007934,1.0,Automated sector mapping.
iShares World ex U.S. Carbon Transition Readiness Aware Active ETF,2025-12-31,CAD CASH,CAD,,Cash and/or Derivatives,0.04,97640.8,Cash and/or Derivatives,cash_and/or_derivatives,0.0,0.0,0.0,Automated sector mapping.
iShares World ex U.S. Carbon Transition Readiness Aware Active ETF,2025-12-31,LY CORP,4689,,Communication,0.04,96617.82,Communication,communication,0.002999,-0.00474,1.0,Automated sector mapping.
iShares World ex U.S. Carbon Transition Readiness Aware Active ETF,2025-12-31,RAKUTEN GROUP INC,4755,,Consumer Discretionary,0.04,94158.03,Consumer Discretionary,consumer_discretionary,-0.0113,0.000276,1.0,Automated sector mapping.
iShares World ex U.S. Carbon Transition Readiness Aware Active ETF,2025-12-31,PHOENIX FINANCIAL LTD,PHOE,,Financials,0.04,93212.39,Depository Institutions,depository_institutions,0.000594,0.004827,1.0,Automated sector mapping.
iShares World ex U.S. Carbon Transition Readiness Aware Active ETF,2025-12-31,SUBARU CORP,7270,,Consumer Discretionary,0.04,93135.35,Consumer Discretionary,consumer_discretionary,-0.0113,0.000276,1.0,Automated sector mapping.
iShares World ex U.S. Carbon Transition Readiness Aware Active ETF,2025-12-31,FUTU HOLDINGS ADR LTD,FUTU,,Financials,0.04,90479.71,Depository Institutions,depository_institutions,0.000594,0.004827,1.0,Automated sector mapping.
iShares World ex U.S. Carbon Transition Readiness Aware Active ETF,2025-12-31,SHIONOGI LTD,4507,,Health Care,0.04,88812.4,Healthcare,healthcare,0.000818,0.007934,1.0,Automated sector mapping.
iShares World ex U.S. Carbon Transition Readiness Aware Active ETF,2025-12-31,BOMBARDIER INC CLASS B,BBD.B,,Industrials,0.04,85002.01,Machinery,machinery,-0.00916,-0.00254,1.0,Automated sector mapping.
iShares World ex U.S. Carbon Transition Readiness Aware Active ETF,2025-12-31,MTU AERO ENGINES HOLDING AG,MTX,,Industrials,0.04,81370.01,Machinery,machinery,-0.00916,-0.00254,1.0,Automated sector mapping.
iShares World ex U.S. Carbon Transition Readiness Aware Active ETF,2025-12-31,CANADIAN TIRE LTD CLASS A,CTC.A,,Consumer Discretionary,0.04,80577.71,Consumer Discretionary,consumer_discretionary,-0.0113,0.000276,1.0,Automated sector mapping.
iShares World ex U.S. Carbon Transition Readiness Aware Active ETF,2025-12-31,BPER BANCA,BPE,,Financials,0.03,78213.2,Depository Institutions,depository_institutions,0.000594,0.004827,1.0,Automated sector mapping.
iShares World ex U.S. Carbon Transition Readiness Aware Active ETF,2025-12-31,SUMITOMO MITSUI TRUST GROUP INC,8309,,Financials,0.03,76190.63,Depository Institutions,depository_institutions,0.000594,0.004827,1.0,Automated sector mapping.
iShares World ex U.S. Carbon Transition Readiness Aware Active ETF,2025-12-31,ITOCHU CORP,8001,,Industrials,0.03,75600.5,Machinery,machinery,-0.00916,-0.00254,1.0,Automated sector mapping.
iShares World ex U.S. Carbon Transition Readiness Aware Active ETF,2025-12-31,NEXI,NEXI,,Financials,0.03,71613.93,Depository Institutions,depository_institutions,0.000594,0.004827,1.0,Automated sector mapping.
iShares World ex U.S. Carbon Transition Readiness Aware Active ETF,2025-12-31,CASH COLLATERAL USD WFFUT,WFFUT,,Cash and/or Derivatives,0.03,71000.0,Cash and/or Derivatives,cash_and/or_derivatives,0.0,0.0,0.0,Automated sector mapping.
iShares World ex U.S. Carbon Transition Readiness Aware Active ETF,2025-12-31,MONDAYCOM LTD,MNDY,,Information Technology,0.03,69648.32,Computers,computers,0.007811,-0.00171,1.0,Automated sector mapping.
iShares World ex U.S. Carbon Transition Readiness Aware Active ETF,2025-12-31,SONY FINANCIAL GROUP INC,8729,,Financials,0.03,62483.65,Depository Institutions,depository_institutions,0.000594,0.004827,1.0,Automated sector mapping.
iShares World ex U.S. Carbon Transition Readiness Aware Active ETF,2025-12-31,GETLINK,GET,,Industrials,0.03,61685.01,Machinery,machinery,-0.00916,-0.00254,1.0,Automated sector mapping.
iShares World ex U.S. Carbon Transition Readiness Aware Active ETF,2025-12-31,JPY CASH,JPY,,Cash and/or Derivatives,0.03,60611.89,Cash and/or Derivatives,cash_and/or_derivatives,0.0,0.0,0.0,Automated sector mapping.
iShares World ex U.S. Carbon Transition Readiness Aware Active ETF,2025-12-31,JFE HOLDINGS INC,5411,,Materials,0.03,59895.05,Construction Materials,construction_materials,-0.00525,-0.01318,1.0,Automated sector mapping.
iShares World ex U.S. Carbon Transition Readiness Aware Active ETF,2025-12-31,SOMPO HOLDINGS INC,8630,,Financials,0.03,57872.34,Depository Institutions,depository_institutions,0.000594,0.004827,1.0,Automated sector mapping.
iShares World ex U.S. Carbon Transition Readiness Aware Active ETF,2025-12-31,HALEON PLC,HLN,,Health Care,0.03,57813.03,Healthcare,healthcare,0.000818,0.007934,1.0,Automated sector mapping.
iShares World ex U.S. Carbon Transition Readiness Aware Active ETF,2025-12-31,PEARSON PLC,PSON,,Consumer Discretionary,0.03,57819.66,Consumer Discretionary,consumer_discretionary,-0.0113,0.000276,1.0,Automated sector mapping.
iShares World ex U.S. Carbon Transition Readiness Aware Active ETF,2025-12-31,HEIDELBERG MATERIALS AG,HEI,,Materials,0.03,57094.71,Construction Materials,construction_materials,-0.00525,-0.01318,1.0,Automated sector mapping.
iShares World ex U.S. Carbon Transition Readiness Aware Active ETF,2025-12-31,CAPCOM LTD,9697,,Communication,0.02,55902.26,Communication,communication,0.002999,-0.00474,1.0,Automated sector mapping.
iShares World ex U.S. Carbon Transition Readiness Aware Active ETF,2025-12-31,LINK REAL ESTATE INVESTMENT TRUST,823,,Real Estate,0.02,55791.1,Real Estate,real_estate,-0.01994,-0.00039,1.0,Automated sector mapping.
iShares World ex U.S. Carbon Transition Readiness Aware Active ETF,2025-12-31,MAKITA CORP,6586,,Industrials,0.02,54397.91,Machinery,machinery,-0.00916,-0.00254,1.0,Automated sector mapping.
iShares World ex U.S. Carbon Transition Readiness Aware Active ETF,2025-12-31,DAIWA SECURITIES GROUP INC,8601,,Financials,0.02,52461.0,Depository Institutions,depository_institutions,0.000594,0.004827,1.0,Automated sector mapping.
iShares World ex U.S. Carbon Transition Readiness Aware Active ETF,2025-12-31,EUR CASH,EUR,,Cash and/or Derivatives,0.02,51542.52,Cash and/or Derivatives,cash_and/or_derivatives,0.0,0.0,0.0,Automated sector mapping.
iShares World ex U.S. Carbon Transition Readiness Aware Active ETF,2025-12-31,HONG KONG AND CHINA GAS LTD,3,,Utilities,0.02,48633.65,Utilities,utilities,0.000639,0.00697,1.0,Automated sector mapping.
iShares World ex U.S. Carbon Transition Readiness Aware Active ETF,2025-12-31,AUD CASH,AUD,,Cash and/or Derivatives,0.02,47841.9,Cash and/or Derivatives,cash_and/or_derivatives,0.0,0.0,0.0,Automated sector mapping.
iShares World ex U.S. Carbon Transition Readiness Aware Active ETF,2025-12-31,FORTUM,FORTUM,,Utilities,0.02,45991.13,Utilities,utilities,0.000639,0.00697,1.0,Automated sector mapping.
iShares World ex U.S. Carbon Transition Readiness Aware Active ETF,2025-12-31,LYNAS RARE EARTHS LTD,LYC,,Materials,0.02,45393.6,Construction Materials,construction_materials,-0.00525,-0.01318,1.0,Automated sector mapping.
iShares World ex U.S. Carbon Transition Readiness Aware Active ETF,2025-12-31,RECRUIT HOLDINGS LTD,6098,,Industrials,0.02,45153.59,Machinery,machinery,-0.00916,-0.00254,1.0,Automated sector mapping.
iShares World ex U.S. Carbon Transition Readiness Aware Active ETF,2025-12-31,WOOLWORTHS GROUP LTD,WOW,,Consumer Staples,0.02,44944.17,Foodstuff,foodstuff,0.00683,0.001597,1.0,Automated sector mapping.
iShares World ex U.S. Carbon Transition Readiness Aware Active ETF,2025-12-31,GFL ENVIRONMENTAL SUBORDINATE VOTI,GFL,,Industrials,0.02,42840.9,Machinery,machinery,-0.00916,-0.00254,1.0,Automated sector mapping.
iShares World ex U.S. Carbon Transition Readiness Aware Active ETF,2025-12-31,M&G PLC,MNG,,Financials,0.02,42655.67,Depository Institutions,depository_institutions,0.000594,0.004827,1.0,Automated sector mapping.
iShares World ex U.S. Carbon Transition Readiness Aware Active ETF,2025-12-31,INPOST SA,INPST,,Industrials,0.02,41881.85,Machinery,machinery,-0.00916,-0.00254,1.0,Automated sector mapping.
iShares World ex U.S. Carbon Transition Readiness Aware Active ETF,2025-12-31,CSL LTD,CSL,,Health Care,0.02,41447.39,Healthcare,healthcare,0.000818,0.007934,1.0,Automated sector mapping.
iShares World ex U.S. Carbon Transition Readiness Aware Active ETF,2025-12-31,FDJ UNITED,FDJU,,Consumer Discretionary,0.02,41388.84,Consumer Discretionary,consumer_discretionary,-0.0113,0.000276,1.0,Automated sector mapping.
iShares World ex U.S. Carbon Transition Readiness Aware Active ETF,2025-12-31,NATIONAL GRID PLC,NG.,,Utilities,0.02,39489.83,Utilities,utilities,0.000639,0.00697,1.0,Automated sector mapping.
iShares World ex U.S. Carbon Transition Readiness Aware Active ETF,2025-12-31,GBP CASH,GBP,,Cash and/or Derivatives,0.02,33943.95,Cash and/or Derivatives,cash_and/or_derivatives,0.0,0.0,0.0,Automated sector mapping.
iShares World ex U.S. Carbon Transition Readiness Aware Active ETF,2025-12-31,GECINA SA,GFC,,Real Estate,0.01,33919.64,Real Estate,real_estate,-0.01994,-0.00039,1.0,Automated sector mapping.
iShares World ex U.S. Carbon Transition Readiness Aware Active ETF,2025-12-31,KAWASAKI HEAVY INDUSTRIES LTD,7012,,Industrials,0.01,33111.1,Machinery,machinery,-0.00916,-0.00254,1.0,Automated sector mapping.
iShares World ex U.S. Carbon Transition Readiness Aware Active ETF,2025-12-31,TELEFONICA SA,TEF,,Communication,0.01,31986.05,Communication,communication,0.002999,-0.00474,1.0,Automated sector mapping.
iShares World ex U.S. Carbon Transition Readiness Aware Active ETF,2025-12-31,BCE INC,BCE,,Communication,0.01,31910.01,Communication,communication,0.002999,-0.00474,1.0,Automated sector mapping.
iShares World ex U.S. Carbon Transition Readiness Aware Active ETF,2025-12-31,VINCI SA,DG,,Industrials,0.01,31441.38,Machinery,machinery,-0.00916,-0.00254,1.0,Automated sector mapping.
iShares World ex U.S. Carbon Transition Readiness Aware Active ETF,2025-12-31,NIPPON STEEL CORP,5401,,Materials,0.01,29890.2,Construction Materials,construction_materials,-0.00525,-0.01318,1.0,Automated sector mapping.
iShares World ex U.S. Carbon Transition Readiness Aware Active ETF,2025-12-31,COCHLEAR LTD,COH,,Health Care,0.01,28854.31,Healthcare,healthcare,0.000818,0.007934,1.0,Automated sector mapping.
iShares World ex U.S. Carbon Transition Readiness Aware Active ETF,2025-12-31,SEIBU HOLDINGS INC,9024,,Industrials,0.01,27458.61,Machinery,machinery,-0.00916,-0.00254,1.0,Automated sector mapping.
iShares World ex U.S. Carbon Transition Readiness Aware Active ETF,2025-12-31,ANHEUSER-BUSCH INBEV SA,ABI,,Consumer Staples,0.01,26564.65,Foodstuff,foodstuff,0.00683,0.001597,1.0,Automated sector mapping.
iShares World ex U.S. Carbon Transition Readiness Aware Active ETF,2025-12-31,NICE LTD,NICE,,Information Technology,0.01,20168.18,Computers,computers,0.007811,-0.00171,1.0,Automated sector mapping.
iShares World ex U.S. Carbon Transition Readiness Aware Active ETF,2025-12-31,SGD CASH,SGD,,Cash and/or Derivatives,0.01,19525.48,Cash and/or Derivatives,cash_and/or_derivatives,0.0,0.0,0.0,Automated sector mapping.
iShares World ex U.S. Carbon Transition Readiness Aware Active ETF,2025-12-31,NZD CASH,NZD,,Cash and/or Derivatives,0.01,14324.5,Cash and/or Derivatives,cash_and/or_derivatives,0.0,0.0,0.0,Automated sector mapping.
iShares World ex U.S. Carbon Transition Readiness Aware Active ETF,2025-12-31,HKD CASH,HKD,,Cash and/or Derivatives,0.0,4289.22,Cash and/or Derivatives,cash_and/or_derivatives,0.0,0.0,0.0,Automated sector mapping.
iShares World ex U.S. Carbon Transition Readiness Aware Active ETF,2025-12-31,ILS CASH,ILS,,Cash and/or Derivatives,0.0,2939.23,Cash and/or Derivatives,cash_and/or_derivatives,0.0,0.0,0.0,Automated sector mapping.
iShares World ex U.S. Carbon Transition Readiness Aware Active ETF,2025-12-31,DKK CASH,DKK,,Cash and/or Derivatives,0.0,2265.01,Cash and/or Derivatives,cash_and/or_derivatives,0.0,0.0,0.0,Automated sector mapping.
iShares World ex U.S. Carbon Transition Readiness Aware Active ETF,2025-12-31,SEK CASH,SEK,,Cash and/or Derivatives,0.0,2265.88,Cash and/or Derivatives,cash_and/or_derivatives,0.0,0.0,0.0,Automated sector mapping.
iShares World ex U.S. Carbon Transition Readiness Aware Active ETF,2025-12-31,CHF CASH,CHF,,Cash and/or Derivatives,0.0,1179.36,Cash and/or Derivatives,cash_and/or_derivatives,0.0,0.0,0.0,Automated sector mapping.
iShares World ex U.S. Carbon Transition Readiness Aware Active ETF,2025-12-31,NOK CASH,NOK,,Cash and/or Derivatives,0.0,353.08,Cash and/or Derivatives,cash_and/or_derivatives,0.0,0.0,0.0,Automated sector mapping.
iShares World ex U.S. Carbon Transition Readiness Aware Active ETF,2025-12-31,MSCI EAFE INDEX MAR 26,MFSH6,,Cash and/or Derivatives,0.0,0.0,Cash and/or Derivatives,cash_and/or_derivatives,0.0,0.0,0.0,Automated sector mapping.
iShares World ex U.S. Carbon Transition Readiness Aware Active ETF,2025-12-31,ETD USD BALANCE WITH R97871,ETD_USD,,Cash and/or Derivatives,-0.01,-12960.0,Cash and/or Derivatives,cash_and/or_derivatives,0.0,0.0,0.0,Automated sector mapping.
